{"last_tab":"","primary_color":"","secondary_color":"","third_color":"","dark_color":"","link_color":{"regular":"","hover":"","active":""},"gradient_first_color":"","gradient_color":{"from":"","to":""},"gradient_color2":{"from":"","to":""},"font_body":{"font-family":"","font-options":"","google":"1","font-weight":"","font-style":"","subsets":"","font-size":"","line-height":"","color":""},"font_heading_h1":{"font-family":"","font-options":"","google":"1","font-weight":"","font-style":"","subsets":"","font-size":"","line-height":"","color":""},"font_heading_h2":{"font-family":"","font-options":"","google":"1","font-weight":"","font-style":"","subsets":"","font-size":"","line-height":"","color":""},"font_heading_h3":{"font-family":"","font-options":"","google":"1","font-weight":"","font-style":"","subsets":"","font-size":"","line-height":"","color":""},"font_heading_h4":{"font-family":"","font-options":"","google":"1","font-weight":"","font-style":"","subsets":"","font-size":"","line-height":"","color":""},"font_heading_h5":{"font-family":"","font-options":"","google":"1","font-weight":"","font-style":"","subsets":"","font-size":"","line-height":"","color":""},"font_heading_h6":{"font-family":"","font-options":"","google":"1","font-weight":"","font-style":"","subsets":"","font-size":"","line-height":"","color":""},"f_secondary":{"font-family":"","font-options":"","google":"1","subsets":""},"site_loader":"on","site_loader_style":"style-2","site_loader_icon":{"url":"https:\/\/demo.casethemes.net\/proactive\/wp-content\/uploads\/2024\/04\/loader-icon.png","id":"1055","height":"47","width":"57","thumbnail":"https:\/\/demo.casethemes.net\/proactive\/wp-content\/uploads\/2024\/04\/loader-icon.png"},"mouse_move_animation":"on","smooth_scroll":"off","cookie_policy":"hide","cookie_policy_description":"","cookie_policy_description_typo":{"font-family":"","font-options":"","google":"1","font-weight":"","font-style":"","subsets":"","font-size":"","line-height":""},"cookie_policy_btntext":"","cookie_policy_link":"","subscribe":"hide","popup_effect":"fade","header_layout":"35","header_layout_sticky":"37","sticky_scroll":"pxl-sticky-stb","header_mobile_layout":"39","mobile_display":"show","opt_mobile_style":"dark","logo_m":{"url":"https:\/\/demo.casethemes.net\/proactive\/wp-content\/themes\/proactive\/assets\/img\/logo.png","id":"","height":"","width":"","thumbnail":""},"logo_light_m":{"url":"https:\/\/demo.casethemes.net\/proactive\/wp-content\/themes\/proactive\/assets\/img\/logo-light.png","id":"","height":"","width":"","thumbnail":""},"logo_height":{"height":"","units":"px"},"search_mobile":"1","search_placeholder_mobile":"","footer_layout":"33","back_totop_on":"","footer_fixed":"off","pt_mode":"bd","ptitle_layout":"44","ptitle_scroll_opacity":"1","blog_sidebar_pos":"right","archive_date":"1","archive_author":"1","archive_category":"0","archive_comment":"1","featured_img_size":"","archive_excerpt_length":"","archive_readmore_text":"","post_sidebar_pos":"right","sg_post_title":"custom_text","sg_post_title_text":"Blog Details","sg_featured_img_size":"","post_date":"1","post_author":"1","post_comment":"1","post_category":"0","post_tag":"1","post_navigation":"1","post_social_share":"1","social_facebook":"1","social_twitter":"1","social_pinterest":"1","social_linkedin":"1","portfolio_display":"on","sg_portfolio_title":"custom_text","sg_portfolio_title_text":"Single Portfolio","portfolio_slug":"","portfolio_name":"","archive_portfolio_link":"","service_display":"on","sg_service_title":"custom_text","sg_service_title_text":"Single Service","service_slug":"","service_name":"","archive_service_link":"","shop_sidebar_pos":"0","shop_featured_img_size":"","products_columns":"4","product_per_page":"8","single_img_size":{"width":"","height":"","units":"px"},"sg_product_ptitle":"custom_text","sg_product_ptitle_text":"Single Product","product_title":"1","product_social_share":"1"}